epoca,loss_train,mask_map50,mask_map50_95,box_map50,box_map50_95
1,0.9772794940177864,0.7075543403625488,0.43988439440727234,0.8907899260520935,0.6301577687263489
2,0.6502986736536779,0.7134649753570557,0.43713149428367615,0.9089148640632629,0.6816016435623169
3,0.5686684399372405,0.7221831679344177,0.4396873116493225,0.9051104187965393,0.6818539500236511
4,0.5163330810400547,0.7386447787284851,0.46914345026016235,0.910878598690033,0.6784856915473938
5,0.4854838380128098,0.7391954064369202,0.4588058888912201,0.915402352809906,0.7067537307739258
6,0.45689461372004114,0.7269532084465027,0.45836183428764343,0.9053696990013123,0.6978142857551575
7,0.4399061108487666,0.7423340082168579,0.4672665596008301,0.9139439463615417,0.7175218462944031
8,0.42221803361723587,0.772052526473999,0.4861803650856018,0.9112970232963562,0.7224398851394653
9,0.412094143047152,0.7745494842529297,0.4732651710510254,0.9193342924118042,0.7321678400039673
10,0.4006928587847317,0.7508165836334229,0.47771933674812317,0.9197250008583069,0.7232226133346558
11,0.38920075988093916,0.759355366230011,0.49596232175827026,0.9127638936042786,0.7261080741882324
12,0.378334679451034,0.7845774292945862,0.5073692202568054,0.9088946580886841,0.7282472252845764
13,0.3357870160568194,0.7801904678344727,0.5032835602760315,0.9127093553543091,0.7508300542831421
14,0.31941694131276993,0.7787083387374878,0.49773120880126953,0.9110170602798462,0.7496102452278137
15,0.31506849794779535,0.7825400829315186,0.5023996233940125,0.9141936302185059,0.7526496052742004
16,0.31090224107012365,0.7748598456382751,0.50262850522995,0.9238751530647278,0.7587199211120605
17,0.3053800796657377,0.7744693160057068,0.4973176121711731,0.9146745204925537,0.7589657306671143
18,0.30120515220726457,0.7823781371116638,0.5020403861999512,0.9150378704071045,0.7583426237106323
19,0.2981968380240091,0.7769314646720886,0.5022199153900146,0.9144962430000305,0.7560840249061584
20,0.29728558425325163,0.7767674922943115,0.5042415261268616,0.9156327843666077,0.7580941915512085
