crop_id,imagen_origen,easyocr_texto,easyocr_match_titulo,easyocr_match_score,easyocr_coincide,paddleocr_texto,paddleocr_match_titulo,paddleocr_match_score,paddleocr_coincide
estante1_000,estante1.jpg,2 1 9 1 = 1,CUENTOS DE LA SELVA,23.07692307692308,False,"DE LA MANCHA,I Miguel de Cervantes",DON QUIJOTE DE LA MANCHA I ,59.64912280701754,False
estante1_001,estante1.jpg,1 5 1 2 1 FN,REBELIÓN EN LA GRANJA,27.58620689655173,False,turro y la maldición de Tutangatón,GATURRO Y LA MALDICIÓN DE TUNTANGATÓN,95.77464788732394,True
estante1_002,estante1.jpg,Id IOlinò 1 4 Dr. A ( FHONVW VT NOa PSIQUIATRfA IzzOEAe) SALUD opam1eW MENTAL VIJVàJoWIa Pablo OWSIàVLIdOLnV uaWiJd ALFAGUARA un '219n420 Fernando 0 J90/9-+n ' Sorrent:,GATURRO Y LA MALDICIÓN DE TUNTANGATÓN,24.390243902439025,False,PSIQUIATRIAI SALUD MENTAI +/A Dr.Pablo ALFAGUARA Fernando Sor,GATURRO Y LA MANSIÓN DEL TERROR,36.95652173913044,False
estante1_003,estante1.jpg,TAUUUUN 1 PRD8I HNNH8M7MS 1 2009,20000 LENGUAS DE VIAJE SUBMARINO,35.483870967741936,False,2009,20000 LENGUAS DE VIAJE SUBMARINO,16.66666666666667,False
estante1_004,estante1.jpg,4 [ 5 ; 1 f sm,DON QUIJOTE DE LA MANCHA I ,30.0,False,+A sm,NO PASÓ NADA,35.294117647058826,False
estante2_000,estante2.jpg,8 8 { 5 é 1 28,DON QUIJOTE DE LA MANCHA I ,26.315789473684205,False,20.000 LEGUAS DE VIAJE SUBMARINO 28,20000 LENGUAS DE VIAJE SUBMARINO,92.53731343283582,True
estante2_001,estante2.jpg,90 6 1 5 4 1 5 É € ; 9 { PLAZA UANES,GATURRO Y LA MANSIÓN DEL TERROR,31.746031746031747,False,Pablo De Santis,EL LARILLO DE TORMES,51.42857142857143,False
estante2_002,estante2.jpg,[  8 2 1 5 {,DON QUIJOTE DE LA MANCHA I ,27.02702702702703,False,LECCION DE BAILE DE LOS OSITOS TORMONT,LECCIÓN DE BAILE DE LOS OSITOS,83.87096774193549,False
estante2_003,estante2.jpg,5 AVENTURAS de TOM SAWYER Mark Twain BILLIKEN,AVENTURAS DE TOM SAWYER,100.0,True,17 AVENTURAS de TOM SAWYER_ Mark Twain BILLIKEN,AVENTURAS DE TOM SAWYER,82.05128205128204,False
estante2_004,estante2.jpg,ALFAGUARA Carlos Rodrigues Gesualdi Raros peinados DESDE TOAÑOS,RAROS PEINADOS,100.0,True,ALFAGUARA Carlos Rodrigues Gesualdi Raros peinados DESDETOANOS,RAROS PEINADOS,100.0,True
estante2_005,estante2.jpg,[ q 1 2 5 1 2,DESDE EL OJO DEL PEZ,27.58620689655173,False,2,20000 LENGUAS DE VIAJE SUBMARINO,6.060606060606062,False
estante2_006,estante2.jpg,f < @ 7 2 5 ; 1 7bn,20000 LENGUAS DE VIAJE SUBMARINO,27.450980392156865,False,1 Gaturro y el misterio de las cinco Agathas,GATURRO Y EL MISTERIO DE LAS CINCO ÁGATHAS,95.34883720930233,True
estante2_007,estante2.jpg,1 ; 8 ; 1 1 0 ;,CUENTOS DE LA SELVA,23.07692307692308,False,Cantaro EL RENIDERO-ELECTRASERGIO DE CECCO-SOFOCLES,GATURRO Y EL MISTERIO DE LAS CINCO ÁGATHAS,47.31182795698925,False
estante2_008,estante2.jpg,"8 > 8 , 8 8 1 8 1",CUENTOS DE LA SELVA,23.07692307692308,False,cantaro CUENTOS CLASIFICADOS 1 POE - CORTAZAR - BIOY CASARES Y OTROS,CUENTOS CLASIFICADOS I,95.23809523809524,True
estante2_009,estante2.jpg,DESDE EL OJO DEL PEZ Pablo De Santis,DESDE EL OJO DEL PEZ,100.0,True,DESDE EL OJO DEL PEZ Pablo De Santis,DESDE EL OJO DEL PEZ,100.0,True
estante2_010,estante2.jpg,9 g 9 : 8 20 1 1,20000 LENGUAS DE VIAJE SUBMARINO,27.272727272727266,False,Alejandro Casona  Los arboles mueren de pie -,LOS ÁRBOLES MUEREN DE PIE,80.95238095238095,False
estante2_011,estante2.jpg,; 8   š,NO PASÓ NADA,23.529411764705884,False,JACKLONDON COLMILLO BLANCO,COLMILLO BLANCO,100.0,True
estante2_012,estante2.jpg,JvQ 1 5 1 } 66( 1,DESDE EL OJO DEL PEZ,30.303030303030297,False,199 EDAF,QUIERDO NADIE,28.57142857142857,False
estante2_013,estante2.jpg,9 G,EL JUGUETE RABIOSO,19.04761904761905,False,El Principe CRA,EL PRINCIPE,100.0,True
